game,execution_id,segment_id,start_index,end_index,segment_length,severity_level
Archery,archery_data_5fps_p1_01__seq_0,1,0,2,3,moderate
Archery,archery_data_5fps_p1_01__seq_0,2,29,39,11,severe
Archery,archery_data_5fps_p1_02__seq_0,1,0,12,13,severe
Archery,archery_data_5fps_p1_02__seq_0,2,23,27,5,moderate
Archery,archery_data_5fps_p1_02__seq_0,3,32,64,33,severe
Archery,archery_data_5fps_p1_02__seq_0,4,90,102,13,severe
Archery,archery_data_5fps_p1_03__seq_0,1,0,29,30,severe
Archery,archery_data_5fps_p1_03__seq_0,2,132,144,13,severe
PhantomLimb,PhantomLimb-Data-Extra-person1-1fps__seq_0,1,0,0,1,minor
PhantomLimb,PhantomLimb-Data-Extra-person1-1fps__seq_0,2,44,52,9,severe
PhantomLimb,PhantomLimb-Data-Extra-person1-1fps__seq_1,1,0,0,1,minor
PhantomLimb,PhantomLimb-Data-Extra-person1-1fps__seq_1,2,3,39,37,severe
PhantomLimb,PhantomLimb-Data-Extra-person1-1fps__seq_2,1,0,0,1,minor
PhantomLimb,PhantomLimb-Data-Extra-person1-1fps__seq_2,2,28,28,1,minor
PhantomLimb,PhantomLimb-Data-Extra-person1-1fps__seq_2,3,48,63,16,severe
PhantomLimb,PhantomLimb-Data-Extra-person1-3fps__seq_0,1,0,34,35,severe
PhantomLimb,PhantomLimb-Data-Extra-person1-3fps__seq_0,2,42,45,4,moderate
PhantomLimb,PhantomLimb-Data-Extra-person1-3fps__seq_1,1,0,15,16,severe
PhantomLimb,PhantomLimb-Data-Extra-person1-3fps__seq_1,2,19,60,42,severe
PhantomLimb,PhantomLimb-Data-Extra-person1-3fps__seq_2,1,0,5,6,severe
PhantomLimb,PhantomLimb-Data-Extra-person1-3fps__seq_2,2,11,46,36,severe
PhantomLimb,PhantomLimb-Data-Extra-person1-3fps__seq_2,3,50,55,6,severe
PhantomLimb,PhantomLimb-Data-Extra-person1-5fps__seq_0,1,0,1,2,minor
PhantomLimb,PhantomLimb-Data-Extra-person1-5fps__seq_0,2,10,74,65,severe
PhantomLimb,PhantomLimb-Data-Extra-person1-5fps__seq_1,1,0,0,1,minor
PhantomLimb,PhantomLimb-Data-Extra-person1-5fps__seq_1,2,16,18,3,moderate
PhantomLimb,PhantomLimb-Data-Extra-person1-5fps__seq_1,3,24,55,32,severe
PhantomLimb,PhantomLimb-Data-Extra-person1-5fps__seq_1,4,65,74,10,severe
PhantomLimb,PhantomLimb-Data-Extra-person2-1fps__seq_0,1,0,4,5,moderate
PhantomLimb,PhantomLimb-Data-Extra-person2-1fps__seq_1,1,0,9,10,severe
PhantomLimb,PhantomLimb-Data-Extra-person2-1fps__seq_2,1,0,4,5,moderate
PhantomLimb,PhantomLimb-Data-Extra-person2-1fps__seq_2,2,6,24,19,severe
PhantomLimb,PhantomLimb-Data-Extra-person2-1fps__seq_3,1,0,9,10,severe
PhantomLimb,PhantomLimb-Data-Extra-person2-1fps__seq_4,1,0,2,3,moderate
PhantomLimb,PhantomLimb-Data-Extra-person2-1fps__seq_4,2,8,29,22,severe
PhantomLimb,PhantomLimb-Data-Extra-person2-1fps__seq_5,1,0,19,20,severe
PhantomLimb,PhantomLimb-Data-Extra-person2-3fps__seq_0,1,0,30,31,severe
PhantomLimb,PhantomLimb-Data-Extra-person2-3fps__seq_1,1,0,45,46,severe
PhantomLimb,PhantomLimb-Data-Extra-person2-3fps__seq_2,1,0,13,14,severe
PhantomLimb,PhantomLimb-Data-Extra-person2-3fps__seq_2,2,21,35,15,severe
PhantomLimb,PhantomLimb-Data-Extra-person2-3fps__seq_2,3,42,45,4,moderate
PhantomLimb,PhantomLimb-Data-Extra-person2-5fps__seq_0,1,0,49,50,severe
PhantomLimb,PhantomLimb-Data-Extra-person2-5fps__seq_1,1,0,1,2,minor
PhantomLimb,PhantomLimb-Data-Extra-person2-5fps__seq_1,2,49,49,1,minor
PhantomLimb,PhantomLimb-Data-Extra-person2-5fps__seq_2,1,0,49,50,severe
PhantomLimb,PhantomLimb-Data-Extra-person3-5fps__seq_0,1,0,0,1,minor
PhantomLimb,PhantomLimb-Data-Extra-person3-5fps__seq_0,2,14,33,20,severe
PhantomLimb,PhantomLimb-Data-Extra-person3-5fps__seq_1,1,36,99,64,severe
PhantomLimb,PhantomLimb-Data-Extra-person4-1fps__seq_0,1,0,2,3,moderate
PhantomLimb,PhantomLimb-Data-Extra-person4-1fps__seq_0,2,25,39,15,severe
PhantomLimb,PhantomLimb-Data-Extra-person4-1fps__seq_1,1,0,14,15,severe
PhantomLimb,PhantomLimb-Data-Extra-person4-1fps__seq_2,1,0,12,13,severe
PhantomLimb,PhantomLimb-Data-Extra-person4-1fps__seq_3,1,0,9,10,severe
PhantomLimb,PhantomLimb-Data-Extra-person4-1fps__seq_4,1,0,29,30,severe
PhantomLimb,PhantomLimb-Data-Extra-person4-3fps__seq_0,1,0,19,20,severe
PhantomLimb,PhantomLimb-Data-Extra-person4-3fps__seq_0,2,37,52,16,severe
PhantomLimb,PhantomLimb-Data-Extra-person4-3fps__seq_0,3,74,82,9,severe
PhantomLimb,PhantomLimb-Data-Extra-person4-3fps__seq_0,4,94,100,7,severe
PhantomLimb,PhantomLimb-Data-Extra-person4-3fps__seq_0,5,106,121,16,severe
PhantomLimb,PhantomLimb-Data-Extra-person4-3fps__seq_1,1,0,30,31,severe
PhantomLimb,PhantomLimb-Data-Extra-person4-3fps__seq_2,1,0,75,76,severe
PhantomLimb,PhantomLimb-Data-Extra-person4-5fps__seq_0,1,0,0,1,minor
PhantomLimb,PhantomLimb-Data-Extra-person4-5fps__seq_1,1,0,29,30,severe
PhantomLimb,PhantomLimb-Data-Extra-person4-5fps__seq_1,2,36,155,120,severe
PhantomLimb,PhantomLimb-Data-Extra-person4-5fps__seq_1,3,163,199,37,severe
PhantomLimb,PhantomLimb-Data-Extra-person4-5fps__seq_2,1,0,1,2,minor
PhantomLimb,PhantomLimb-Data-Extra-person5-1fps__seq_0,1,0,34,35,severe
PhantomLimb,PhantomLimb-Data-Extra-person5-1fps__seq_1,1,0,39,40,severe
PhantomLimb,PhantomLimb-Data-Extra-person5-3fps__seq_0,1,0,90,91,severe
PhantomLimb,PhantomLimb-Data-Extra-person5-3fps__seq_1,1,0,0,1,minor
PhantomLimb,PhantomLimb-Data-Extra-person5-3fps__seq_1,2,7,60,54,severe
PhantomLimb,PhantomLimb-Data-Extra-person5-5fps__seq_0,1,0,124,125,severe
PhantomLimb,PhantomLimb-Data-Extra-person5-5fps__seq_1,1,0,62,63,severe
PhantomLimb,PhantomLimb-Data-Extra-person5-5fps__seq_1,2,68,104,37,severe
PhantomLimb,PhantomLimb-Data-Extra-person5-5fps__seq_1,3,144,147,4,moderate
PhantomLimb,PhantomLimb-Data-Extra-person6-1fps__seq_0,1,0,0,1,minor
PhantomLimb,PhantomLimb-Data-Extra-person6-1fps__seq_0,2,4,8,5,moderate
PhantomLimb,PhantomLimb-Data-Extra-person6-1fps__seq_0,3,14,54,41,severe
PhantomLimb,PhantomLimb-Data-Extra-person6-1fps__seq_1,1,0,29,30,severe
PhantomLimb,PhantomLimb-Data-Extra-person6-1fps__seq_2,1,0,0,1,minor
PhantomLimb,PhantomLimb-Data-Extra-person6-3fps__seq_0,1,0,1,2,minor
PhantomLimb,PhantomLimb-Data-Extra-person6-3fps__seq_1,1,11,14,4,moderate
PhantomLimb,PhantomLimb-Data-Extra-person6-3fps__seq_1,2,25,75,51,severe
PhantomLimb,PhantomLimb-Data-Extra-person6-5fps__seq_0,1,0,1,2,minor
PhantomLimb,PhantomLimb-Data-Extra-person6-5fps__seq_0,2,15,22,8,severe
PhantomLimb,PhantomLimb-Data-Extra-person6-5fps__seq_0,3,81,90,10,severe
PhantomLimb,PhantomLimb-Data-Extra-person6-5fps__seq_1,1,0,0,1,minor
PhantomLimb,PhantomLimb-Data-Extra-person6-5fps__seq_1,2,33,149,117,severe
PhantomLimb,PhantomLimb_Data__seq_0,1,0,1,2,minor
PhantomLimb,PhantomLimb_Data__seq_0,2,18,22,5,moderate
PhantomLimb,PhantomLimb_Data__seq_0,3,43,45,3,moderate
PhantomLimb,PhantomLimb_Data__seq_0,4,63,73,11,severe
PhantomLimb,PhantomLimb_Data__seq_0,5,96,99,4,moderate
PhantomLimb,PhantomLimb_Data__seq_0,6,125,127,3,moderate
PhantomLimb,PhantomLimb_Data__seq_0,7,133,159,27,severe
PhantomLimb,PhantomLimb_Data__seq_0,8,171,173,3,moderate
PhantomLimb,PhantomLimb_Data__seq_0,9,217,219,3,moderate
PhantomLimb,PhantomLimb_Data__seq_0,10,244,253,10,severe
PhantomLimb,PhantomLimb_Data__seq_0,11,312,315,4,moderate
PhantomLimb,PhantomLimb_Data__seq_0,12,323,326,4,moderate
PhantomLimb,PhantomLimb_Data__seq_0,13,355,367,13,severe
PhantomLimb,PhantomLimb_Data__seq_0,14,393,397,5,moderate
PhantomLimb,PhantomLimb_Data__seq_0,15,407,419,13,severe
PhantomLimb,PhantomLimb_Data__seq_0,16,508,510,3,moderate
PhantomLimb,PhantomLimb_Data__seq_0,17,529,531,3,moderate
PhantomLimb,PhantomLimb_Data__seq_0,18,562,573,12,severe
PhantomLimb,PhantomLimb_Data__seq_0,19,600,600,1,minor
PhantomLimb,PhantomLimb_Data__seq_0,20,623,645,23,severe
PhantomLimb,PhantomLimb_Data__seq_0,21,649,650,2,minor
PhantomLimb,PhantomLimb_Data__seq_0,22,652,831,180,severe
PhantomLimb,PhantomLimb_Data__seq_0,23,837,1000,164,severe
PhantomLimb,PhantomLimb_Data__seq_0,24,1020,1032,13,severe
PhantomLimb,PhantomLimb_Data__seq_0,25,1038,1299,262,severe
PhantomLimb Holdout,PhantomLimb-Data-Test-person1-5fps-black__seq_0,1,0,2,3,moderate
PhantomLimb Holdout,PhantomLimb-Data-Test-person1-5fps-black__seq_0,2,9,92,84,severe
PhantomLimb Holdout,PhantomLimb-Data-Test-person1-5fps-black__seq_0,3,96,96,1,minor
PhantomLimb Holdout,PhantomLimb-Data-Test-person1-5fps-black__seq_0,4,99,99,1,minor
PhantomLimb Holdout,PhantomLimb-Data-Test-person2-3fps-black__seq_0,1,0,45,46,severe
PhantomLimb Holdout,PhantomLimb-Data-Test-person2-5fps-black__seq_0,1,0,1,2,minor
PhantomLimb Holdout,PhantomLimb-Data-Test-person3-1fps-black__seq_0,1,0,49,50,severe
PhantomLimb Holdout,PhantomLimb-Data-Test-person3-1fps-white__seq_0,1,0,19,20,severe
PhantomLimb Holdout,PhantomLimb-Data-Test-person3-1fps-white__seq_0,2,25,44,20,severe
PhantomLimb Holdout,PhantomLimb-Data-Test-person3-5fps-white__seq_0,1,0,0,1,minor
PhantomLimb Holdout,PhantomLimb-Data-Test-person3-5fps-white__seq_0,2,13,74,62,severe
PianoTiles,PianoTiles_Data_p1_5fps - Sheet1__seq_0,1,0,22,23,severe
PianoTiles,PianoTiles_Data_p1_5fps - Sheet1__seq_0,2,34,36,3,moderate
PianoTiles,PianoTiles_Data_p1_5fps - Sheet1__seq_0,3,54,56,3,moderate
PianoTiles,PianoTiles_Data_p1_5fps - Sheet1__seq_0,4,61,63,3,moderate
PianoTiles,PianoTiles_Data_p1_5fps - Sheet1__seq_0,5,69,73,5,moderate
PianoTiles,PianoTiles_Data_p1_5fps - Sheet1__seq_0,6,81,153,73,severe
PianoTiles,PianoTiles_Data_p1_5fps - Sheet1__seq_0,7,160,365,206,severe
PianoTiles,PianoTiles_Data_p1_5fps - Sheet1__seq_0,8,370,439,70,severe
Puzzle,puzzle_data_5fps_p1_02__seq_0,1,0,7,8,severe
Puzzle,puzzle_data_5fps_p1_02__seq_0,2,94,123,30,severe
Puzzle,puzzle_data_5fps_p1_02__seq_0,3,227,242,16,severe
Puzzle,puzzle_data_5fps_p1_02__seq_0,4,250,260,11,severe
Puzzle,puzzle_data_5fps_p1_02__seq_0,5,279,299,21,severe
Sea,gameover_sea_data_5fps_p1_01__seq_0,1,0,150,151,severe
Sea,gameover_sea_data_5fps_p1_01__seq_0,2,253,258,6,severe
Sea,gameover_sea_data_5fps_p1_01__seq_0,3,269,275,7,severe
War,gameover_war_data_5fps_p1_01__seq_0,1,0,43,44,severe
War,gameover_war_data_5fps_p1_01__seq_0,2,52,67,16,severe
War,gameover_war_data_5fps_p1_01__seq_0,3,100,117,18,severe
War,gameover_war_data_5fps_p1_01__seq_0,4,194,280,87,severe
