Aspect   ,Model          ,App           ,Accuracy  ,Precision  ,Recall   ,F1
Spatial  ,PI_CNN+1D,Archery       ,0.3741,1.0000,0.2222,0.3636
Spatial  ,PI_CNN+1D,PhantomLimb   ,0.5627,0.4911,0.9890,0.6563
Spatial  ,PI_CNN+1D,PianoTiles    ,0.7205,0.8156,0.5425,0.6516
Spatial  ,PI_CNN+1D,Puzzle        ,0.4833,0.7287,0.4393,0.5481
Spatial  ,PI_CNN+1D,Sea           ,0.9433,0.8859,1.0000,0.9395
Spatial  ,PI_CNN+1D,War           ,0.6335,0.5031,0.7692,0.6084
,,,,,,
Spatial  ,PI_DANN        ,Archery       ,0.8047,0.8047,1.0000,0.8918
Spatial  ,PI_DANN        ,PhantomLimb   ,0.5778,0.0000,0.0000,0.0000
Spatial  ,PI_DANN        ,PianoTiles    ,0.4818,0.4818,1.0000,0.6503
Spatial  ,PI_DANN        ,Puzzle        ,0.7033,0.7104,0.9860,0.8258
Spatial  ,PI_DANN        ,Sea           ,0.4467,0.4430,1.0000,0.6140
Spatial  ,PI_DANN        ,War           ,0.3808,0.3741,1.0000,0.5445
,,,,,,
Spatial  ,I_CNN+T        ,Archery       ,0.8047,0.8047,1.0000,0.8918
Spatial  ,I_CNN+T        ,PhantomLimb   ,0.5778,0.0000,0.0000,0.0000
Spatial  ,I_CNN+T        ,PianoTiles    ,0.5182,0.0000,0.0000,0.0000
Spatial  ,I_CNN+T        ,Puzzle        ,0.7133,0.7133,1.0000,0.8327
Spatial  ,I_CNN+T        ,Sea           ,0.5600,0.0000,0.0000,0.0000
Spatial  ,I_CNN+T        ,War           ,0.3808,0.3741,1.0000,0.5445
,,,,,,
Spatial  ,I_ResNet50,Archery       ,0.8071,0.8066,1.0000,0.8930
Spatial  ,I_ResNet50,PhantomLimb   ,0.5778,0.0000,0.0000,0.0000
Spatial  ,I_ResNet50,PianoTiles    ,0.5182,0.0000,0.0000,0.0000
Spatial  ,I_ResNet50,Puzzle        ,0.2733,0.3333,0.0187,0.0354
Spatial  ,I_ResNet50,Sea           ,0.5533,0.0000,0.0000,0.0000
Spatial  ,I_ResNet50,War           ,0.4199,0.3843,0.9423,0.5460
,,,,,,
Spatial  ,I_MobileNetV2,Archery       ,0.8047,0.8047,1.0000,0.8918
Spatial  ,I_MobileNetV2,PhantomLimb   ,0.5676,0.4054,0.0519,0.0921
Spatial  ,I_MobileNetV2,PianoTiles    ,0.5182,0.0000,0.0000,0.0000
Spatial  ,I_MobileNetV2,Puzzle        ,0.7133,0.7133,1.0000,0.8327
Spatial  ,I_MobileNetV2,Sea           ,0.4133,0.3721,0.4848,0.4211
Spatial  ,I_MobileNetV2,War           ,0.4413,0.3695,0.7212,0.4886
,,,,,,
Spatial  ,I_CNN+Attn     ,Archery       ,0.8047,0.8047,1.0000,0.8918
Spatial  ,I_CNN+Attn     ,PhantomLimb   ,0.5778,0.0000,0.0000,0.0000
Spatial  ,I_CNN+Attn     ,PianoTiles    ,0.4818,0.4818,1.0000,0.6503
Spatial  ,I_CNN+Attn     ,Puzzle        ,0.7133,0.7133,1.0000,0.8327
Spatial  ,I_CNN+Attn     ,Sea           ,0.4467,0.4430,1.0000,0.6140
Spatial  ,I_CNN+Attn     ,War           ,0.3808,0.3741,1.0000,0.5445
,,,,,,
Spatial  ,P_1D,Archery       ,0.8047,0.8047,1.0000,0.8918
Spatial  ,P_1D,PhantomLimb   ,0.5951,0.6254,0.1021,0.1756
Spatial  ,P_1D,PianoTiles    ,0.7795,0.7076,0.9245,0.8016
Spatial  ,P_1D,Puzzle        ,0.2161,0.0000,0.0000,0.0000
Spatial  ,P_1D,Sea           ,0.7967,0.8381,0.6667,0.7426
Spatial  ,P_1D,War           ,0.6406,0.5075,0.9808,0.6689
,,,,,,
Spatial  ,P_MiniLM       ,Archery       ,0.8047,0.8047,1.0000,0.8918
Spatial  ,P_MiniLM       ,PhantomLimb   ,0.4261,0.4237,0.9988,0.5950
Spatial  ,P_MiniLM       ,PianoTiles    ,0.5182,0.0000,0.0000,0.0000
Spatial  ,P_MiniLM       ,Puzzle        ,0.2161,0.0000,0.0000,0.0000
Spatial  ,P_MiniLM       ,Sea           ,0.9433,0.8859,1.0000,0.9395
Spatial  ,P_MiniLM       ,War           ,0.3986,0.3810,1.0000,0.5517
,,,,,,
Spatial  ,P_RoBERTa      ,Archery       ,0.8047,0.8047,1.0000,0.8918
Spatial  ,P_RoBERTa      ,PhantomLimb   ,0.5713,0.0645,0.0012,0.0023
Spatial  ,P_RoBERTa      ,PianoTiles    ,0.5182,0.0000,0.0000,0.0000
Spatial  ,P_RoBERTa      ,Puzzle        ,0.2454,0.5909,0.1215,0.2016
Spatial  ,P_RoBERTa      ,Sea           ,0.9100,0.9070,0.8864,0.8966
Spatial  ,P_RoBERTa      ,War           ,0.3879,0.3768,1.0000,0.5474
,,,,,,
Spatial  ,P_Qwen2.5,Archery       ,0.8047,0.8047,1.0000,0.8918
Spatial  ,P_Qwen2.5,PhantomLimb   ,0.4743,0.4452,0.9971,0.6156
Spatial  ,P_Qwen2.5,PianoTiles    ,0.5068,0.0000,0.0000,0.0000
Spatial  ,P_Qwen2.5,Puzzle        ,0.2088,0.0000,0.0000,0.0000
Spatial  ,P_Qwen2.5,Sea           ,0.7500,0.7436,0.6591,0.6988
Spatial  ,P_Qwen2.5,War           ,0.5943,0.4769,0.9904,0.6438
,,,,,,
Temporal  ,I_T            ,Archery       ,0.3278,0.0000,0.0000,0.0000
Temporal  ,I_T            ,PhantomLimb   ,0.6230,0.5633,0.1663,0.2567
Temporal  ,I_T            ,PianoTiles    ,0.7248,0.0000,0.0000,0.0000
Temporal  ,I_T            ,Puzzle        ,0.4561,0.0000,0.0000,0.0000
Temporal  ,I_T            ,Sea           ,0.5203,0.4512,0.8017,0.5774
Temporal  ,I_T            ,War           ,0.5415,0.0909,0.0085,0.0155
,,,,,,
Temporal  ,P_T            ,Archery       ,0.7173,0.7173,1.0000,0.8354
Temporal  ,P_T            ,PhantomLimb   ,0.5833,0.0247,0.0049,0.0081
Temporal  ,P_T            ,PianoTiles    ,0.8761,0.0000,0.0000,0.0000
Temporal  ,P_T            ,Puzzle        ,0.2119,0.0000,0.0000,0.0000
Temporal  ,P_T            ,Sea           ,0.4899,0.4525,0.6045,0.5176
Temporal  ,P_T            ,War           ,0.4260,0.4195,0.9655,0.5849
,,,,,,
Spatial,RF,Archery,0.8800,0.9300,0.9300,0.9300
Spatial,RF,PhantomLimb,0.5630,0.1230,0.5620,0.2020
Spatial,RF,PianoTiles,0.5180,0.0000,0.0000,0.0000
Spatial,RF,Puzzle,0.2880,0.0000,0.0000,0.0000
Spatial,RF,Sea,0.8130,0.9420,0.6140,0.7430
Spatial,RF,War,0.6860,0.5420,1.0000,0.7030
,,,,,,
Spatial,HGB,Archery,0.8600,0.8600,1.0000,0.9250
Spatial,HGB,PhantomLimb,0.5230,0.0870,0.4060,0.1440
Spatial,HGB,PianoTiles,0.5110,0.3330,0.0140,0.0270
Spatial,HGB,Puzzle,0.2880,0.0000,0.0000,0.0000
Spatial,HGB,Sea,0.7930,0.9270,0.5760,0.7100
Spatial,HGB,War,0.6680,0.5300,0.9420,0.6780
,,,,,,
Spatial,XGBoost,Archery,0.8600,0.8600,1.0000,0.9250
Spatial,XGBoost,PhantomLimb,0.4770,0.1330,0.7810,0.2270
Spatial,XGBoost,PianoTiles,0.5180,0.0000,0.0000,0.0000
Spatial,XGBoost,Puzzle,0.2880,0.0000,0.0000,0.0000
Spatial,XGBoost,Sea,0.8170,0.9430,0.6210,0.7490
Spatial,XGBoost,War,0.6820,0.5410,0.9620,0.6920
,,,,,,
Temporal  ,LR        ,Archery       ,0.8750,0.8750,1.0000,0.9330
Temporal  ,LR        ,PhantomLimb   ,0.9380,0.9450,0.9020,0.9230
Temporal  ,LR        ,PianoTiles    ,0.8970,0.6550,0.3520,0.4580
Temporal  ,LR        ,Puzzle        ,0.5490,0.7730,0.5920,0.6700
Temporal  ,LR        ,Sea           ,0.4630,0.4570,1.0000,0.6280
Temporal  ,LR        ,War           ,0.5180,0.4660,0.9910,0.6340
,,,,,,
Temporal,T,Archery,0.8750,0.8750,1.0000,0.9330
Temporal,T,PhantomLimb,0.5860,0.0000,0.0000,0.0000
Temporal,T,PianoTiles,0.8510,0.4070,0.4440,0.4250
Temporal,T,Puzzle,0.7780,0.7770,1.0000,0.8750
Temporal,T,Sea,0.5710,1.0000,0.0520,0.0990
Temporal,T,War,0.7570,0.8020,0.5600,0.6600